{"0": 0.19263111017970347, "1": 0.20392151726305863, "2": 0.2043406507046681, "3": 0.19844658668203488, "4": 0.16707706816157594, "5": 0.018939592392728036, "6": 0.014643474616230943}