{"0": 0.20162439441436306, "1": 0.2084639498432602, "2": 0.2031205471644343, "3": 0.20385674931129477, "4": 0.17193882397644153, "5": 0.006554573952693075, "6": 0.004440961337513062}