{"0": 0.13479037968833887, "1": 0.13852134260297524, "2": 0.14293189803393885, "3": 0.1462551054387789, "4": 0.16959910837461858, "5": 0.17906583212705662, "6": 0.08883633373429292}