{"0": 0.1136700812433769, "1": 0.12444365948428117, "2": 0.12698693041328152, "3": 0.13323913811374072, "4": 0.1631578947368421, "5": 0.2353938537619216, "6": 0.10310844224655599}