{"0": 0.14315864527629232, "1": 0.15811764705882353, "2": 0.15910160427807488, "3": 0.15790374331550802, "4": 0.16536185383244206, "5": 0.15048841354723708, "6": 0.06586809269162211}