{"0": 0.20181138585393904, "1": 0.19436457734330076, "2": 0.20155261644623346, "3": 0.19249568717653823, "4": 0.18875790684301322, "5": 0.012018401380103507, "6": 0.008999424956871765}