{"0": 0.21523390566257122, "1": 0.20884849424440913, "2": 0.20504050230611218, "3": 0.198703538622534, "4": 0.15873415759079104, "5": 0.007722568892678579, "6": 0.005716832680903841}