{"0": 0.13405964361554795, "1": 0.14119964300003077, "2": 0.13846059151201798, "3": 0.14252300495491338, "4": 0.15006309051180255, "5": 0.15818791739759333, "6": 0.13550610900809404}