{"0": 0.1939209726443769, "1": 0.20577507598784195, "2": 0.18936170212765957, "3": 0.1972644376899696, "4": 0.19544072948328267, "5": 0.010030395136778116, "6": 0.008206686930091186}