{"0": 0.12186945375665549, "1": 0.12285545257345691, "2": 0.12098205482153421, "3": 0.1349832380201144, "4": 0.16643660027607968, "5": 0.1679155985012818, "6": 0.16495760205087753}