{"0": 0.11798245614035088, "1": 0.1193859649122807, "2": 0.1307017543859649, "3": 0.1437719298245614, "4": 0.17149122807017544, "5": 0.20763157894736842, "6": 0.10903508771929825}